ID Cliente,Nombre,Edad,Dirección,Correo Electrónico
1,Ashley Medina,30,"9365 Harris Forest Apt. 668
New John, PA 96465",rjohnson@yahoo.com
2,Melissa Burnett,78,"20172 Miller Lake
Torreston, KY 94105",nguyenkylie@yahoo.com
3,Patricia Hawkins,66,"7203 Lopez Meadows Apt. 009
Bushfurt, AK 17239",kyle32@hotmail.com
4,Michelle West,38,"3349 Silva Prairie
Silvatown, UT 37943",qavila@mueller-stewart.com
5,Sarah Rodriguez,30,"9106 Melanie Key Apt. 311
Cartertown, MA 27153",brian87@thompson.com
6,Jacqueline Everett,44,"1228 David Street
North Jennifer, SC 94310",jmckinney@gmail.com
7,Christopher Cox,29,"47371 Bryan Court Suite 390
South Christine, MT 08956",taylornelson@gmail.com
8,Patricia Warner,61,"26469 Matthews Cape Apt. 165
Richardsbury, SD 42769",hillmichelle@yahoo.com
9,Richard Scott,60,"465 Wilson Rapids Suite 592
Arnoldland, CO 29251",travis58@fuller.com
10,Joel Blankenship,53,"61939 Kristen Hills
Lake Morganborough, MI 60347",danaburton@schwartz.com
11,Tommy Casey,34,"391 Hill Grove Apt. 020
East Jennifer, NY 41534",zwade@decker.biz
12,Mark Snyder,27,"99075 Porter Glens
East Elizabethmouth, MS 92844",thomasjessica@torres.org
13,Janet Oconnor,53,"04326 Colon Road
Chungville, UT 37782",franciscoanderson@king.biz
14,Randy Cochran,60,"PSC 8512, Box 7390
APO AE 36116",parkermichael@walters-jones.com
15,Jeffery Vargas,41,"4294 White Roads Suite 976
Sandersside, NH 86699",econrad@williams.info
16,Andrew Douglas,28,"60999 Rhonda Ferry
Blackwellfurt, SC 97336",gonzalezchristine@hotmail.com
17,Joshua Bradshaw,19,"373 Phillips Lodge Apt. 184
Lake Roberto, AZ 90303",dmartinez@gmail.com
18,Debra Drake,25,"14379 Vaughan Plain Suite 923
Leonstad, LA 43433",angelfox@yahoo.com
19,Mrs. Amanda Glover,24,"4960 Jeffrey View
Anthonyshire, WV 39900",kellychristina@yahoo.com
20,Bryan Mason,65,"Unit 1983 Box 2257
DPO AE 40304",justin61@parker.biz
21,Pamela Baldwin,67,"7852 Joel Islands
Barnesburgh, AL 19459",zsalas@wells.info
22,Courtney Webb,71,"11257 Berg Spurs Apt. 796
Port Danielside, RI 05113",woodjacob@gmail.com
23,Erin Jordan,79,"714 Owens Isle Apt. 350
Albertstad, MS 69032",williamsshelly@wiggins-garcia.com
24,Jared Maddox,25,"0517 Anthony Brooks
East Howard, CA 91605",mary84@bowman-johnson.info
25,Jennifer Mooney,35,"3062 Jacob Drive Suite 935
Michelleland, IA 78301",laura67@castro.com
26,Sandra Frye,31,"03937 Casey Course Apt. 233
Higginsfurt, MS 76572",andersonronnie@cain.info
27,Jessica Howe,62,"7268 Rivas Shoals
West Matthew, TX 16633",robertyoung@yahoo.com
28,John Anderson,34,"3509 Williams Meadow
Taylorshire, WV 07544",scott47@sanchez-miller.com
29,Christopher Klein,70,"842 Wright Knoll Suite 258
Bradview, VT 69422",chicks@daniels-walker.biz
30,Kristen Mccarthy MD,22,"09381 Mark Pass Apt. 390
New Daryl, AZ 51555",rhuffman@higgins-stewart.com
31,Olivia Gonzalez,25,"188 Antonio Ville
West Douglaschester, MD 81089",karina36@lyons.info
32,Ashley Santiago,57,"0481 Jacqueline Dale
Sanchezport, ME 38030",lawsonfrancisco@hotmail.com
33,Katie Santos,45,"7815 Dawn Coves
Melissabury, WA 69157",nlara@wells-chapman.info
34,Kevin Day,42,"Unit 7730 Box 7246
DPO AA 17294",brendadixon@yahoo.com
35,Elizabeth Moyer,69,"985 Castillo Locks Suite 494
North Adambury, SC 28137",jkelly@yahoo.com
36,Megan Hart,72,"33499 Shannon View
South George, GA 59260",andersonkim@parker.com
37,John Roberts,58,"0948 Franco Land Suite 114
Christinashire, OH 68631",kayla18@yahoo.com
38,Megan Williams,64,"008 Hutchinson Pines
Smithberg, OR 54136",tylerstewart@gonzalez-miller.com
39,Jose Barry,66,"6937 Sims Rapid
West Joanne, RI 57414",jennifer97@yahoo.com
40,Robert Maldonado,48,"Unit 0842 Box 6216
DPO AA 80449",iwood@gmail.com
41,Jonathan Short,57,"04576 Sarah Corner
New Antonio, VA 70575",kathrynmiddleton@pierce.com
42,Shelby Espinoza,45,"Unit 4645 Box 3031
DPO AA 86259",ojohnson@harris-higgins.com
43,Vanessa Rios,62,"6880 Cherry Flats
Mooreton, OR 80352",madeline99@stein.biz
44,Chad Fields,44,"43670 Shaw Fort Apt. 429
Parksstad, KS 96146",michelle53@yahoo.com
45,Lauren Frazier,73,"15980 Hays Cape
South Scottville, MI 34890",emily29@james.net
46,Christopher Navarro,74,"959 Leslie Overpass Apt. 600
South Richardbury, AZ 02669",meganbarr@gmail.com
47,Dylan Rodriguez,28,"533 Lopez Mountain
South Gloria, MO 23288",angela12@smith.com
48,Mary Cannon,53,"4942 Joseph Vista
Donnaberg, RI 87843",erobinson@hotmail.com
49,Jacqueline Wilson,61,"69830 Douglas Harbor Apt. 871
North Sabrina, OK 95029",hdodson@owen.com
50,Veronica Baker,67,"94723 Lucas Groves Suite 321
South Michelle, ID 69371",jennifergomez@pena.biz
51,Stacey Pitts,42,"0362 Amy Islands Suite 873
North Debra, MD 84251",brenda65@williams-copeland.com
52,William Mitchell,49,"98780 Jennifer Burgs Suite 905
New Bradley, TX 75841",joseph73@yahoo.com
53,Lori Kane,61,"0035 Joshua Mount
Antoniomouth, NC 96551",mark91@jimenez.com
54,Joseph Wilson,73,"963 Lauren Junction Suite 814
Dianafort, TX 93541",qhernandez@gmail.com
55,Ashley Williams,76,"14683 Joseph Crescent
Brendaville, WI 79558",djackson@harris-campos.info
56,Oscar Hurley,42,"0740 Young Radial Apt. 230
New Donaldmouth, AL 47046",sarahsloan@gill-morris.com
57,John Anderson,41,"163 Diana Cliffs Apt. 972
West Sharon, MO 98278",justin68@yahoo.com
58,John Juarez,48,"5715 Jonathan Junctions Suite 263
Bensonport, NY 84749",acevedoamy@mccoy-dominguez.org
59,Laura Gonzales,38,"517 Brenda Garden Suite 856
Patriciaport, IN 86214",dorothyburnett@porter.com
60,Amy Williams,52,"732 Tara Junction
Lake Andrewhaven, CA 67105",robinsonanthony@yahoo.com
61,Bruce Parks,26,"20483 Amanda Plaza
New Christopher, TN 86103",nsullivan@adams-garcia.info
62,Catherine Rogers,66,"USNV Spence
FPO AP 85681",bsullivan@hotmail.com
63,Daniel Blankenship,50,"98523 Mark Lodge
Lindachester, ME 69518",jenkinstricia@schaefer.info
64,Austin Meza,51,"458 Timothy Overpass
South Savannah, MD 28726",joneskristen@johnson.com
65,Tyler Fleming,54,"62192 Guzman Garden
Kellyton, OR 97740",russellklein@gmail.com
66,Paul Morgan,78,"00463 Russell Garden
Ashleyport, MA 59874",laura91@kim.biz
67,Kaitlin Singleton,75,"12779 Schroeder Cliffs
Lake Johnstad, KY 34758",tyler61@gregory.com
68,Jessica Murphy,80,"234 Lauren Mews Apt. 167
Port Brittneymouth, RI 76670",udillon@yahoo.com
69,Kyle Jackson,80,"2829 Wolfe Road
North Jordanburgh, PA 41995",georgerowe@hotmail.com
70,Sally Liu,32,"6073 Gordon Lodge Suite 855
Williamsburgh, MS 41167",owengeoffrey@barton.org
71,Rebecca Roberson,32,"3714 Lisa Land
Kingbury, OK 04794",mark79@farrell.com
72,Joe Blackwell,71,"8772 Christopher Causeway
South Michelle, DC 80627",nlee@rich.com
73,Manuel Jones,20,"2235 Shaw Springs
Dakotafurt, MS 45682",uwhite@hotmail.com
74,Miss Tammy Lopez,36,"PSC 7539, Box 0934
APO AP 61053",whitejeffery@hotmail.com
75,Raymond Foster,26,"33973 William Drive
Melissamouth, HI 84000",jonathanvilla@collins-mcintosh.com
76,Kyle Dyer,75,"115 Christopher Brooks
Amandamouth, WV 10598",mary86@gmail.com
77,Michelle Hughes,67,"Unit 4289 Box 0638
DPO AP 40194",nicole37@gmail.com
78,Melissa Johnson,65,"9266 Jones Walks Suite 097
South Jay, DC 42243",samantha55@rivera.org
79,Jason Tanner,19,"12182 Mary River
Lisaborough, NC 03161",stevenmacias@yahoo.com
80,Tammy Gibson,21,"21040 Rachel Mountain
West Joseph, RI 28048",cuevashannah@daniel.com
81,Tracy Thomas,57,"838 Bailey Parkway
East Wesleyhaven, OK 39572",ycampbell@christian-luna.com
82,Cheyenne Ward,66,"8314 Dawn Stravenue
North Courtney, AZ 23600",psimpson@patterson-conway.net
83,Erika Hernandez,65,"80631 Shelton Radial Apt. 270
New Tonyaborough, CT 84580",jesseross@arellano-torres.com
84,Aaron Taylor,64,"Unit 3514 Box 9423
DPO AE 71969",salazarjeremy@alexander.info
85,Mrs. Tara Smith MD,52,"74402 Barnes Expressway
Heatherbury, MO 84711",beth92@stephens-johnson.com
86,Chad Hill,62,"1753 Kim Motorway Apt. 935
Port Linda, ID 11403",jeffersonchristopher@hunt.com
87,Heidi Schaefer,57,"67331 Cassandra Greens
Martinchester, MN 61352",krivas@wolfe.biz
88,Jose Gates,24,"0418 Spencer Ferry
Beverlymouth, PA 33045",lindseycross@yahoo.com
89,Rachael Hanson,48,"908 Jensen Crest
Port Melissa, OK 77208",zacharydunn@yahoo.com
90,John Nelson,75,"30511 Thomas Run
Simmonsborough, CA 05850",joshua63@gmail.com
91,Edward Cantrell,20,"05266 Gomez Turnpike Suite 355
Port Samantha, DE 52946",amandabyrd@coffey-garcia.info
92,Alexander Jones,25,"228 Samantha Tunnel Apt. 211
Meganside, LA 08678",danielle61@obrien.net
93,George Duffy,43,"USNV Riley
FPO AA 28865",joseph48@yahoo.com
94,Joyce Griffin,44,"USNS Figueroa
FPO AA 22811",griffithnoah@hotmail.com
95,Gordon Cross,19,"81713 Roberta Cape
Port Allison, TX 16815",jimmymiller@russell.com
96,Claudia Horton,35,"42975 Reid Loaf
Hallberg, IN 96623",meganvasquez@yahoo.com
97,James Parsons MD,26,"156 Angela Inlet Apt. 512
Hunterfort, MO 91059",jasonreed@thomas-anderson.com
98,Dennis Kim,40,"691 Newton Drives
Jesseside, NV 88379",tiffanythompson@gmail.com
99,Eric Moore,68,"8641 Andrew Crescent Apt. 212
South Joanne, ND 26653",scottjones@franco-brown.com
100,Melissa Poole,44,"Unit 5680 Box 4092
DPO AA 44296",seanrivera@lee-walker.com
101,Alex Green,64,"11398 Robert Views Apt. 974
Scottfurt, LA 63729",bhunter@duran-reese.com
102,Wesley Coleman,68,"USS Gonzales
FPO AP 44034",rebeccahaney@stephens-kemp.com
103,Joel Stone,50,"3096 Sharon Brook
Port Richardmouth, SD 04457",owensanne@gmail.com
104,Cathy Carr,68,"357 Romero Station
Kathleenton, PA 68180",donaldfowler@yang-horne.com
105,Matthew Thomas,31,"74586 Andrea Flat
North Devon, NV 72612",williamshunter@yahoo.com
106,Nicholas Pearson,24,"974 Derek Plaza Suite 849
South Jeffreystad, SC 63120",martingregory@hotmail.com
107,Ms. Destiny Bender,59,"95099 Jessica Plaza Suite 827
Davisshire, CO 11694",anthony27@grant-santiago.biz
108,David Soto,47,"6000 Chris Haven Suite 518
East Heatherland, IN 92379",cscott@howard-benson.net
109,Amber Molina,56,"60979 Bolton Isle Apt. 211
Sharpmouth, OR 24396",imeadows@hotmail.com
110,Robert Hinton,46,"596 Rasmussen Mills
Ashleyberg, MN 88090",matthewgomez@gmail.com
111,Carolyn Martinez,20,"637 Pamela Locks
West Martin, MI 37282",nrice@cook.com
112,Omar Cruz,64,"04896 Stevens Haven
Williamsonmouth, AK 23326",jmoore@gmail.com
113,Christopher Arias,57,"950 Larsen Shoal Suite 191
Morenoshire, IL 87272",brian04@kerr.com
114,Andre Salazar,20,"52672 Strong Row
Port Adamburgh, SD 38748",tmorales@gmail.com
115,Micheal Whitehead,65,"9339 Todd Ramp Suite 638
Dianetown, SC 60972",smithhaley@cooper.com
116,Guy Torres,48,"424 Debra Dale Apt. 585
Sarahfort, OH 73159",ejames@yahoo.com
117,Isabella Jefferson,25,"033 Scott Overpass
Lake Feliciaview, HI 75618",merrittkimberly@gmail.com
118,Kayla Fritz,34,"5092 Mathis Run
Pettyberg, MA 82748",tammy37@hotmail.com
119,Denise Moore,38,"738 Michael Ways Suite 679
Port Michaelfort, NY 98582",castillojessica@gmail.com
120,Kevin Johnson,70,"27627 William Summit Suite 296
Garciatown, AL 65743",cynthia79@olsen-franklin.com
121,Wendy Long,57,"PSC 9732, Box 1253
APO AA 01211",stantonjennifer@gmail.com
122,George Hawkins,73,"27056 Armstrong Isle Apt. 883
Stevenfurt, MA 77814",stephengomez@thomas.org
123,Amanda Rodriguez,30,"085 James Greens Apt. 378
Lake David, FL 68588",millerkimberly@garcia.net
124,Taylor Gallegos,35,"834 Cheryl Branch
New Cheryl, SC 21727",lindsay53@yahoo.com
125,Valerie Boyd,67,"448 Nguyen Skyway
Lynnshire, IL 33730",asalas@burke-guzman.com
126,Manuel Brown,27,"475 Tammy Brook Suite 390
Vanessaport, CO 55432",bergmelinda@jackson.com
127,Alicia Harrison,40,"64776 Lawrence Groves Apt. 843
Claymouth, KS 15715",wzimmerman@yahoo.com
128,Teresa Vasquez,67,"946 Dougherty Summit Apt. 982
Seanbury, UT 17056",tkeller@griffin-cross.net
129,Michael Robinson,35,"PSC 7279, Box 5926
APO AA 33057",caseyterri@potter-foster.com
130,Katherine Lopez,72,"3656 Carrillo Spring
West Tonya, MT 22776",phelpsmichael@flores.org
131,Hunter Smith,63,"11901 Jackson Forest
Gibbsville, GA 27296",nicholas57@dalton.com
132,Scott Allen,28,"1722 Bailey Dam Suite 530
Hernandezbury, OH 03768",jasonrichardson@ramos.com
133,Kim Horton,69,"084 Rodney Mall
Lake Timothytown, HI 14651",lynchmargaret@hotmail.com
134,Jade Ross,25,"056 Alvarez Street Apt. 529
Bennettmouth, IA 34044",alanpotter@flores.com
135,Abigail Hess,39,"Unit 9328 Box 4919
DPO AA 42004",crystalmoreno@yahoo.com
136,David Moore,75,"335 Simmons Orchard
Lake James, GA 61884",imendez@gmail.com
137,Wendy Hinton,50,"89330 John Neck
Port Christine, SC 42604",lthomas@yahoo.com
138,Matthew Parker,52,"9465 Delgado Mountain
North Jessica, NE 03203",maryreid@flores.com
139,William Buchanan,50,"00077 Johnson Falls Apt. 604
South Philipfort, DC 21527",gallowayjames@wall.biz
140,Shannon Smith,32,"67400 Alexandra Stream
West Jeffrey, HI 02108",derrick20@gmail.com
141,Tanya Guerrero,52,"0875 Jessica Turnpike
North Duanebury, ND 45383",middletonthomas@payne.com
142,Richard Murillo,73,"4562 Amy Path Suite 294
East Williamville, MO 19193",raymond70@carroll.com
143,Ian Pugh,44,"779 Rebecca Burgs Suite 214
Port Jeffery, VT 96603",pamelastrong@ponce.com
144,Shelly Foley,30,"2993 Wood Trail Apt. 244
Sherrystad, OH 95426",kevinjohnson@yahoo.com
145,Michelle Compton,74,"3662 Lewis Club
East Brian, ID 45998",ambercervantes@yahoo.com
146,Kimberly Williams,40,"6503 White Crescent Apt. 634
North Monica, MI 83135",taterobert@gmail.com
147,Janet Colon,33,"308 Frederick Fork Apt. 805
New Brookefurt, NJ 94002",ortizbriana@hotmail.com
148,Ryan Ryan,22,"15990 Obrien Squares
Lake Michelleton, SC 98982",ibrown@flores.com
149,Tonya Allison,75,"2376 Santos Port
Andersonfort, CT 50657",garyconway@robbins.com
150,Melissa Wood,34,"4659 Mata Vista
New Troystad, TX 97820",markchapman@johnson.biz
151,Gary Riley,25,"1372 Carter Trail Apt. 301
Henryland, RI 04620",brent32@joyce-james.com
152,Mrs. Victoria Castro,79,"37560 Gutierrez Center
Wagnerfort, MI 63678",edwinjohnson@hotmail.com
